ROC-AUC,Avg Precision,F1 Score,Precision,Recall
0.9701304075600643,0.8381801933795525,0.8356164383561644,0.8472222222222222,0.8243243243243243
